epoch,train_loss,train_acc,test_loss,test_acc,epoch_time,avg_epoch_time,train_step_time,avg_train_step_time,eval_total_time,avg_eval_total_time,total_elapsed_time,train_forward_time,train_solve_beta_time,train_pred_loss_time,backward_time,adam_step_time,projection_time,optimizer_time,train_other_time,eval_forward_time,eval_solve_beta_time,eval_pred_time,forward_time,solve_beta_time,pred_loss_time,eval_time,other_time
1,0.012562794610857964,0.9990000128746033,0.24334891140460968,0.7200000286102295,0.05742001533508301,0.05742001533508301,0.04131817817687988,0.04131817817687988,0.016101837158203125,0.016101837158203125,0.05984306335449219,0.003620147705078125,0.024222612380981445,0.0007724761962890625,0.004338264465332031,0.0053653717041015625,0.0023119449615478516,0.007677316665649414,0.0006873607635498047,0.002119302749633789,0.012450218200683594,0.0015134811401367188,0.003620147705078125,0.024222612380981445,0.0007724761962890625,0.016101837158203125,0.0007061958312988281
