{
  "model": "rvfl",
  "epochs": 1,
  "lr": 0.003,
  "lambda": 0.01,
  "ortho_method": "qr",
  "link_option": "direct",
  "scalings": [
    0.0,
    0.0,
    0.0,
    0.0,
    0.0
  ],
  "setup_time": 0.0007352828979492188,
  "final_train_loss": 0.012562794610857964,
  "final_test_loss": 0.24334891140460968,
  "final_train_acc": 0.9990000128746033,
  "final_test_acc": 0.7200000286102295,
  "avg_epoch_time": 0.05742001533508301,
  "total_training_time": 0.06026458740234375,
  "avg_train_step_time": 0.04131817817687988,
  "total_train_step_time": 0.04131817817687988,
  "avg_eval_total_time": 0.016101837158203125,
  "total_eval_time": 0.016101837158203125,
  "avg_eval_solve_beta_time": 0.012450218200683594,
  "avg_train_forward_time": 0.003620147705078125,
  "avg_train_solve_beta_time": 0.024222612380981445,
  "avg_train_pred_loss_time": 0.0007724761962890625,
  "avg_backward_time": 0.004338264465332031,
  "avg_adam_step_time": 0.0053653717041015625,
  "avg_projection_time": 0.0023119449615478516,
  "avg_optimizer_time": 0.007677316665649414,
  "architecture": "12x12x12x12x12",
  "widths": [
    12,
    12,
    12,
    12,
    12
  ],
  "depth": 5,
  "constant_width": true,
  "total_hidden_units": 60,
  "min_width": 12,
  "max_width": 12,
  "random_weight_count": 9984,
  "unitary_parameter_count": 720,
  "design_dim": 796,
  "ridge_system_dim": 796,
  "estimated_design_matrix_gb": 0.003184,
  "estimated_ridge_matrix_gb": 0.002534464,
  "qr_cost_proxy": 8640,
  "dataset": "mnist",
  "device": "cpu",
  "dtype": "torch.float32",
  "seed": 0,
  "input_dim": 784,
  "output_dim": 10,
  "n_train": 1000,
  "n_test": 200,
  "architecture_family": "unspecified",
  "history_file": "C:\\Users\\shahy\\Desktop\\RVFL_Research\\RVFL_Research\\benchmark_multilayer\\results_smoke\\mnist\\rvfl\\link_direct\\arch_12x12x12x12x12\\lr_0p003\\lam_0p01\\scale_0-0-0-0-0\\ortho_qr\\seed_0\\history.csv"
}