{
  "model": "rvfl",
  "width": 100,
  "epochs": 20,
  "lr": 1e-05,
  "lambda": 0.01,
  "ortho_method": "qr",
  "setup_time": 0.054926395416259766,
  "final_train_loss": 0.031926967203617096,
  "final_test_loss": 0.03213629871606827,
  "final_train_acc": 0.8934333324432373,
  "final_test_acc": 0.8931999802589417,
  "avg_epoch_time": 0.7231198906898498,
  "total_training_time": 14.532836437225342,
  "avg_train_step_time": 0.3816162109375,
  "total_train_step_time": 7.63232421875,
  "avg_eval_total_time": 0.34150367975234985,
  "total_eval_time": 6.830073595046997,
  "avg_eval_solve_beta_time": 0.2904549241065979,
  "avg_train_forward_time": 0.03443080186843872,
  "avg_train_solve_beta_time": 0.28669372797012327,
  "avg_train_pred_loss_time": 0.013524150848388672,
  "avg_backward_time": 0.036291861534118654,
  "avg_optimizer_time": 0.010274434089660644,
  "dataset": "mnist",
  "device": "cpu",
  "dtype": "torch.float32",
  "seed": 0,
  "input_dim": 784,
  "output_dim": 10,
  "history_file": "benchmark_results_compare_scc\\mnist\\rvfl\\width_100\\history.csv"
}