epoch,train_loss,train_acc,test_loss,test_acc,epoch_time,avg_epoch_time,train_step_time,avg_train_step_time,eval_total_time,avg_eval_total_time,total_elapsed_time,train_forward_time,train_solve_beta_time,train_pred_loss_time,backward_time,adam_step_time,projection_time,optimizer_time,train_other_time,eval_forward_time,eval_solve_beta_time,eval_pred_time,forward_time,solve_beta_time,pred_loss_time,eval_time,other_time
1,0.018947618082165718,0.9829999804496765,0.0937807485461235,0.7519999742507935,0.4388725757598877,0.4388725757598877,0.4021487236022949,0.4021487236022949,0.03672385215759277,0.03672385215759277,0.46024632453918457,0.04237818717956543,0.25859951972961426,0.0064716339111328125,0.055555105209350586,0.013273954391479492,0.020379066467285156,0.03365302085876465,0.0054912567138671875,0.003964424133300781,0.027419090270996094,0.0053255558013916016,0.04237818717956543,0.25859951972961426,0.0064716339111328125,0.03672385215759277,0.005506038665771484
2,0.01860012114048004,0.9850000143051147,0.08510236442089081,0.7559999823570251,0.052102088928222656,0.24548733234405518,0.031484127044677734,0.21681642532348633,0.020617961883544922,0.028670907020568848,0.5125946998596191,0.0035424232482910156,0.02015542984008789,0.002206087112426758,0.0035037994384765625,0.000743865966796875,0.0010559558868408203,0.0017998218536376953,0.0002765655517578125,0.003358125686645508,0.01570606231689453,0.0015375614166259766,0.0035424232482910156,0.02015542984008789,0.002206087112426758,0.020617961883544922,0.00029277801513671875
