{
  "model": "rvfl",
  "epochs": 2,
  "lr": 0.003,
  "lambda": 0.01,
  "ortho_method": "qr",
  "link_option": "multi",
  "scalings": [
    0.0,
    0.0
  ],
  "setup_time": 0.01247406005859375,
  "final_train_loss": 0.01860012114048004,
  "final_test_loss": 0.08510236442089081,
  "final_train_acc": 0.9850000143051147,
  "final_test_acc": 0.7559999823570251,
  "avg_epoch_time": 0.24548733234405518,
  "total_training_time": 0.5128796100616455,
  "avg_train_step_time": 0.21681642532348633,
  "total_train_step_time": 0.43363285064697266,
  "avg_eval_total_time": 0.028670907020568848,
  "total_eval_time": 0.057341814041137695,
  "avg_eval_solve_beta_time": 0.021562576293945312,
  "avg_train_forward_time": 0.022960305213928223,
  "avg_train_solve_beta_time": 0.13937747478485107,
  "avg_train_pred_loss_time": 0.004338860511779785,
  "avg_backward_time": 0.029529452323913574,
  "avg_adam_step_time": 0.007008910179138184,
  "avg_projection_time": 0.010717511177062988,
  "avg_optimizer_time": 0.017726421356201172,
  "architecture": "50x50",
  "widths": [
    50,
    50
  ],
  "depth": 2,
  "constant_width": true,
  "total_hidden_units": 100,
  "min_width": 50,
  "max_width": 50,
  "random_weight_count": 41700,
  "unitary_parameter_count": 5000,
  "design_dim": 884,
  "ridge_system_dim": 884,
  "estimated_design_matrix_gb": 0.007072,
  "estimated_ridge_matrix_gb": 0.003125824,
  "qr_cost_proxy": 250000,
  "dataset": "mnist",
  "device": "cpu",
  "dtype": "torch.float32",
  "seed": 0,
  "input_dim": 784,
  "output_dim": 10,
  "n_train": 2000,
  "n_test": 500,
  "architecture_family": "unspecified",
  "history_file": "benchmark_multilayer\\results_local_test\\mnist\\rvfl\\link_multi\\arch_50x50\\lr_0p003\\lam_0p01\\scale_0-0\\ortho_qr\\seed_0\\history.csv"
}