epoch,train_loss,train_acc,test_loss,test_acc,epoch_time,avg_epoch_time,train_step_time,avg_train_step_time,eval_total_time,avg_eval_total_time,total_elapsed_time,train_forward_time,train_solve_beta_time,train_pred_loss_time,backward_time,adam_step_time,projection_time,optimizer_time,train_other_time,eval_forward_time,eval_solve_beta_time,eval_pred_time,forward_time,solve_beta_time,pred_loss_time,eval_time,other_time
1,0.011397314257919788,0.9990000128746033,0.21703173220157623,0.7250000238418579,0.19533348083496094,0.19533348083496094,0.16489267349243164,0.16489267349243164,0.030440807342529297,0.030440807342529297,0.21173501014709473,0.03076028823852539,0.06780290603637695,0.008043766021728516,0.023218631744384766,0.016465425491333008,0.017156600952148438,0.033622026443481445,0.0014450550079345703,0.002836465835571289,0.021188974380493164,0.006387948989868164,0.03076028823852539,0.06780290603637695,0.008043766021728516,0.030440807342529297,0.00147247314453125
2,0.011342436075210571,0.9990000128746033,0.2161889374256134,0.7250000238418579,0.0675668716430664,0.13145017623901367,0.03643298149108887,0.10066282749176025,0.03113389015197754,0.030787348747253418,0.279693603515625,0.0018088817596435547,0.02621316909790039,0.0013806819915771484,0.004833221435546875,0.0009002685546875,0.0009684562683105469,0.0018687248229980469,0.00032830238342285156,0.003093242645263672,0.026357412338256836,0.001661062240600586,0.0018088817596435547,0.02621316909790039,0.0013806819915771484,0.03113389015197754,0.0003504753112792969
