{
  "model": "rvfl",
  "epochs": 2,
  "lr": 0.003,
  "lambda": 0.01,
  "ortho_method": "qr",
  "link_option": "multi",
  "scalings": [
    0.0,
    0.0
  ],
  "setup_time": 0.008946418762207031,
  "final_train_loss": 0.011342436075210571,
  "final_test_loss": 0.2161889374256134,
  "final_train_acc": 0.9990000128746033,
  "final_test_acc": 0.7250000238418579,
  "avg_epoch_time": 0.13145017623901367,
  "total_training_time": 0.2801041603088379,
  "avg_train_step_time": 0.10066282749176025,
  "total_train_step_time": 0.2013256549835205,
  "avg_eval_total_time": 0.030787348747253418,
  "total_eval_time": 0.061574697494506836,
  "avg_eval_solve_beta_time": 0.023773193359375,
  "avg_train_forward_time": 0.016284584999084473,
  "avg_train_solve_beta_time": 0.04700803756713867,
  "avg_train_pred_loss_time": 0.004712224006652832,
  "avg_backward_time": 0.01402592658996582,
  "avg_adam_step_time": 0.008682847023010254,
  "avg_projection_time": 0.009062528610229492,
  "avg_optimizer_time": 0.017745375633239746,
  "architecture": "20x15",
  "widths": [
    20,
    15
  ],
  "depth": 2,
  "constant_width": false,
  "total_hidden_units": 35,
  "min_width": 15,
  "max_width": 20,
  "random_weight_count": 15980,
  "unitary_parameter_count": 625,
  "design_dim": 819,
  "ridge_system_dim": 819,
  "estimated_design_matrix_gb": 0.003276,
  "estimated_ridge_matrix_gb": 0.002683044,
  "qr_cost_proxy": 11375,
  "dataset": "mnist",
  "device": "cpu",
  "dtype": "torch.float32",
  "seed": 0,
  "input_dim": 784,
  "output_dim": 10,
  "n_train": 1000,
  "n_test": 200,
  "architecture_family": "unspecified",
  "history_file": "C:\\Users\\shahy\\Desktop\\RVFL_Research\\RVFL_Research\\benchmark_multilayer\\results_smoke\\mnist\\rvfl\\link_multi\\arch_20x15\\lr_0p003\\lam_0p01\\scale_0-0\\ortho_qr\\seed_0\\history.csv"
}