epoch,train_loss,train_acc,test_loss,test_acc,epoch_time,avg_epoch_time,total_elapsed_time
1,2.274815082550049,0.09200000017881393,2.26735782623291,0.10000000149011612,0.053955078125,0.053955078125,0.053972482681274414
2,2.213336229324341,0.2160000056028366,2.208357810974121,0.20000000298023224,0.012637615203857422,0.03329634666442871,0.06697654724121094
